Rk,Player,Age,Team,Pos,G,Gs,Att,Yds,TD,1D,Succ%,Lng,Y/A,Y/G,A/G,Fmb,Awards,Player-additional,Year
59,Kyler Murray,27,ARI,QB,17,17,78,572,5,27,52.6,50,7.3,33.6,4.6,8,AP CPoY-10,MurrKy00,2024
66,Justin Herbert,26,LAC,QB,17,17,69,306,2,23,46.4,41,4.4,18,4.1,6,AP MVP-9AP CPoY-12,HerbJu00,2024
68,Sam Darnold,27,MIN,QB,17,17,67,212,1,23,41.8,19,3.2,12.5,3.9,8,PBAP MVP-10AP CPoY-3,DarnSa00,2024
69,Daniel Jones,27,NYG,QB,10,10,67,265,2,26,59.7,24,4,26.5,6.7,4,,JoneDa05,2024
71,Brock Purdy,25,SFO,QB,15,15,66,323,5,33,63.6,16,4.9,21.5,4.4,7,,PurdBr00,2024
74,Justin Fields,25,PIT,QB,10,6,62,289,5,19,54.8,30,4.7,28.9,6.2,6,,FielJu00,2024
75,Baker Mayfield,29,TAM,QB,17,17,60,378,3,24,51.7,28,6.3,22.2,3.5,13,PBAP MVP-11AP OPoY-11,MayfBa00,2024
77,Patrick Mahomes,29,KAN,QB,16,16,58,307,2,22,50,33,5.3,19.2,3.6,2,AP MVP-6AP OPoY-17,MahoPa00,2024
84,Drake Maye,22,NWE,QB,13,12,54,421,2,22,64.8,41,7.8,32.4,4.2,9,PBAP ORoY-8,MayeDr00,2024
85,Geno Smith,34,SEA,QB,17,17,53,272,2,17,35.8,34,5.1,16,3.1,9,,SmitGe00,2024
86,C.J. Stroud,23,HOU,QB,17,17,52,233,0,14,38.5,25,4.5,13.7,3.1,6,,StroCJ00,2024
91,Will Levis,25,TEN,QB,12,12,45,183,0,20,48.9,21,4.1,15.3,3.8,10,,LeviWi00,2024
93,Russell Wilson,36,PIT,QB,11,11,43,155,2,16,46.5,19,3.6,14.1,3.9,5,PBAP CPoY-14,WilsRu00,2024
94,Bryce Young,23,CAR,QB,14,12,43,249,6,15,53.5,34,5.8,17.8,3.1,5,,YounBr01,2024
95,Joe Burrow,28,CIN,QB,17,17,42,201,2,16,47.6,47,4.8,11.8,2.5,11,PBAP MVP-4AP OPoY-5AP CPoY-1,BurrJo01,2024
106,Jared Goff,30,DET,QB,17,17,35,56,0,9,34.3,10,1.6,3.3,2.1,6,PBAP MVP-5AP OPoY-9,GoffJa00,2024
114,Deshaun Watson,29,CLE,QB,7,7,31,148,1,8,41.9,16,4.8,21.1,4.4,5,,WatsDe00,2024
118,Matthew Stafford,36,LAR,QB,16,16,30,41,0,10,36.7,15,1.4,2.6,1.9,6,,StafMa00,2024
119,Mac Jones,26,JAX,QB,10,7,28,92,1,12,50,13,3.3,9.2,2.8,2,,JoneMa05,2024
120,Tyler Huntley,26,MIA,QB,5,5,26,135,2,10,50,20,5.2,27,5.2,6,,HuntTy01,2024
121,Trevor Lawrence,25,JAX,QB,10,10,26,119,3,13,57.7,33,4.6,11.9,2.6,3,,LawrTr00,2024
122,Cooper Rush,31,DAL,QB,12,8,26,18,0,5,26.9,9,0.7,1.5,2.2,9,,RushCo00,2024
124,Jordan Love,26,GNB,QB,15,15,25,83,1,9,44,14,3.3,5.5,1.7,4,,LoveJo03,2024
125,Mason Rudolph,29,TEN,QB,8,5,25,106,1,13,60,14,4.2,13.3,3.1,5,,RudoMa00,2024
126,Jameis Winston,30,CLE,QB,12,7,25,83,1,17,76,13,3.3,6.9,2.1,5,,WinsJa00,2024
128,Kirk Cousins,36,ATL,QB,14,14,23,0,0,2,13,,0,0,1.6,13,AP CPoY-13,CousKi00,2024
131,Aaron Rodgers,41,NYJ,QB,17,17,22,107,0,7,40.9,18,4.9,6.3,1.3,5,AP CPoY-7,RodgAa00,2024
132,Aidan O'Connell,26,LVR,QB,9,7,21,30,1,10,52.4,13,1.4,3.3,2.3,2,,OConAi00,2024
133,Dorian Thompson-Robinson,25,CLE,QB,7,2,21,122,0,9,61.9,34,5.8,17.4,3,3,,ThomDo02,2024
138,Malik Willis,25,GNB,QB,7,2,20,138,1,6,50,29,6.9,19.7,2.9,1,,WillMa12,2024
140,Gardner Minshew II,28,LVR,QB,10,9,19,58,0,5,36.8,11,3.1,5.8,1.9,6,,MinsGa00,2024
141,Drew Lock,28,NYG,QB,8,5,18,133,2,9,50,28,7.4,16.6,2.3,5,,LockDr00,2024
142,Marcus Mariota,31,WAS,QB,3,0,18,92,1,6,50,33,5.1,30.7,6,0,,MariMa01,2024
143,Spencer Rattler,24,NOR,QB,7,6,18,146,0,7,72.2,28,8.1,20.9,2.6,5,,RattSp00,2024
144,Derek Carr,33,NOR,QB,10,10,17,71,1,4,52.9,13,4.2,7.1,1.7,3,,CarrDe02,2024
145,Tua Tagovailoa,26,MIA,QB,11,11,17,49,0,5,41.2,13,2.9,4.5,1.5,7,,TagoTu00,2024
146,Mitchell Trubisky,30,BUF,QB,9,0,17,1,0,1,11.8,8,0.1,0.1,1.9,1,,TrubMi00,2024
151,Jacoby Brissett,32,NWE,QB,8,5,15,62,0,5,53.3,16,4.1,7.8,1.9,4,,BrisJa00,2024
161,Dak Prescott,31,DAL,QB,8,8,13,54,1,5,61.5,22,4.2,6.8,1.6,4,,PresDa01,2024
165,Andy Dalton,37,CAR,QB,6,5,11,34,0,2,36.4,18,3.1,5.7,1.8,2,,DaltAn00,2024
166,Jake Haener,25,NOR,QB,8,1,11,22,0,0,18.2,9,2,2.8,1.4,0,,HaenJa00,2024
167,Trey Lance,24,DAL,QB,4,1,11,41,0,3,45.5,11,3.7,10.3,2.8,0,,LancTr00,2024
173,Joe Milton,24,NWE,QB,1,0,10,16,1,4,50,9,1.6,16,10,1,,MiltJo00,2024
178,Joshua Dobbs,29,SFO,QB,2,1,9,24,2,2,33.3,8,2.7,12,4.5,2,,DobbJo00,2024
179,Joe Flacco,39,IND,QB,8,6,9,26,0,2,22.2,21,2.9,3.3,1.1,4,,FlacJo00,2024
181,Kenny Pickett,26,PHI,QB,5,1,9,15,1,3,33.3,8,1.7,3,1.8,1,,PickKe00,2024
182,Desmond Ridder,25,LVR,QB,6,1,9,36,0,2,44.4,11,4,6,1.5,3,,RiddDe00,2024
185,Tommy DeVito,26,NYG,QB,3,2,8,32,0,1,25,17,4,10.7,2.7,0,,DeViTo00,2024
191,Michael Penix,24,ATL,QB,5,3,7,11,1,1,14.3,5,1.6,2.2,1.4,2,,PeniMi00,2024
192,Clayton Tune,25,ARI,QB,6,0,7,-4,0,2,28.6,2,-0.6,-0.7,1.2,1,,TuneCl00,2024
193,Tyson Bagent,24,CHI,QB,4,0,6,-7,0,0,0,,-1.2,-1.8,1.5,0,,BageTy00,2024
207,Hendon Hooker,26,DET,QB,3,0,5,2,0,1,20,3,0.4,0.7,1.7,0,,HookHe00,2024
210,Tanner McKee,24,PHI,QB,2,1,5,-1,0,1,20,2,-0.2,-0.5,2.5,0,,McKeTa01,2024
214,Kyle Trask,26,TAM,QB,4,0,5,-4,0,0,0,,-0.8,-1,1.3,0,,TrasKy00,2024
220,Josh Johnson,38,BAL,QB,6,0,4,1,0,0,0,2,0.3,0.2,0.7,0,,JohnJo05,2024
225,Jarrett Stidham,28,DEN,QB,3,0,4,5,0,1,25,8,1.3,1.7,1.3,0,,StidJa00,2024
230,Brandon Allen,32,SFO,QB,3,1,3,4,0,0,0,6,1.3,1.3,1,2,,AlleBr00,2024
243,Davis Mills,26,HOU,QB,4,0,3,11,0,1,66.7,9,3.7,2.8,0.8,0,,MillDa02,2024
244,Nick Mullens,29,MIN,QB,4,0,3,-2,0,0,0,,-0.7,-0.5,0.8,0,,MullNi00,2024
250,Tyrod Taylor,35,NYJ,QB,2,0,3,13,0,0,66.7,7,4.3,6.5,1.5,1,,TaylTy00,2024
251,Carson Wentz,32,KAN,QB,3,1,3,0,0,0,0,,0,0,1,0,,WentCa00,2024
252,Tim Boyle,30,2TM,QB,3,0,3,9,0,1,66.7,6,3,3,1,0,,BoylTi00,2024
252,Tim Boyle,30,MIA,QB,2,0,2,10,0,1,100,6,5,5,1,0,,BoylTi00,2024
252,Tim Boyle,30,NYG,QB,1,0,1,-1,0,0,0,-1,-1,-1,1,0,,BoylTi00,2024
255,Jake Browning,28,CIN,QB,3,0,2,-2,0,0,0,,-1,-0.7,0.7,0,,BrowJa08,2024
259,Jimmy Garoppolo,33,LAR,QB,1,1,2,5,0,0,50,5,2.5,5,2,0,,GaroJi00,2024
261,Taylor Heinicke,31,LAC,QB,4,0,2,20,0,1,50,12,10,5,0.5,0,,HeinTa00,2024
281,Bailey Zappe,25,CLE,QB,1,1,2,2,0,0,0,3,1,2,2,0,,ZappBa00,2024
299,Sam Howell,24,SEA,QB,2,0,1,2,0,0,0,2,2,1,0.5,0,,HoweSa00,2024
315,Chris Oladokun,27,KAN,QB,1,0,1,5,0,0,0,5,5,5,1,1,,OladCh00,2024
329,Skylar Thompson,27,MIA,QB,3,1,1,4,0,0,0,4,4,1.3,0.3,2,,ThomSk00,2024
35,Jalen Hurts,25,PHI,QB,17,17,157,605,15,68,61.1,24,3.9,35.6,9.2,9,PB,HurtJa00,2023
38,Lamar Jackson,26,BAL,QB,16,16,148,821,5,48,54.1,30,5.5,51.3,9.3,11,PBAP-1AP MVP-1AP OPoY-4AP CPoY-9,JackLa00,2023
44,Justin Fields,24,CHI,QB,13,13,124,657,4,43,52.4,39,5.3,50.5,9.5,10,,FielJu00,2023
45,Josh Allen,27,BUF,QB,17,17,111,524,15,57,65.8,23,4.7,30.8,6.5,7,AP MVP-5AP OPoY-6,AlleJo02,2023
59,Russell Wilson,35,DEN,QB,15,15,80,341,3,38,55,21,4.3,22.7,5.3,10,,WilsRu00,2023
62,Joshua Dobbs,28,2TM,QB,13,12,77,421,6,31,49.4,44,5.5,32.4,5.9,14,,DobbJo00,2023
62,Joshua Dobbs,28,ARI,QB,8,8,47,258,3,19,48.9,44,5.5,32.3,5.9,8,,DobbJo00,2023
62,Joshua Dobbs,28,MIN,QB,5,4,30,163,3,12,50,22,5.4,32.6,6,6,,DobbJo00,2023
64,Patrick Mahomes,28,KAN,QB,16,16,75,389,0,27,50.7,25,5.2,24.3,4.7,5,PBAP MVP-7,MahoPa00,2023
67,Trevor Lawrence,24,JAX,QB,16,16,70,339,4,23,47.1,26,4.8,21.2,4.4,12,,LawrTr00,2023
71,Baker Mayfield,28,TAM,QB,17,17,62,163,1,16,35.5,31,2.6,9.6,3.6,8,PBAP CPoY-3,MayfBa00,2023
75,Dak Prescott,30,DAL,QB,17,17,55,242,2,21,52.7,22,4.4,14.2,3.2,4,PBAP-2AP MVP-2AP OPoY-5,PresDa01,2023
77,Desmond Ridder,24,ATL,QB,15,13,53,193,5,18,43.4,23,3.6,12.9,3.5,12,,RiddDe00,2023
78,Justin Herbert,25,LAC,QB,13,13,52,228,3,16,40.4,35,4.4,17.5,4,4,,HerbJu00,2023
81,Jordan Love,25,GNB,QB,17,17,50,247,4,16,44,37,4.9,14.5,2.9,9,,LoveJo03,2023
84,Sam Howell,23,WAS,QB,17,17,48,263,5,19,50,24,5.5,15.5,2.8,4,,HoweSa00,2023
88,Kyler Murray,26,ARI,QB,8,8,44,244,3,15,59.1,33,5.5,30.5,5.5,7,AP CPoY-9,MurrKy00,2023
89,Kenny Pickett,25,PIT,QB,12,12,42,54,1,12,38.1,11,1.3,4.5,3.5,2,,PickKe00,2023
94,Daniel Jones,26,NYG,QB,6,6,40,206,1,15,52.5,17,5.2,34.3,6.7,4,,JoneDa05,2023
96,Brock Purdy,24,SFO,QB,16,16,39,144,2,15,53.8,17,3.7,9,2.4,6,PBAP MVP-4AP OPoY-6AP CPoY-6,PurdBr00,2023
97,C.J. Stroud,22,HOU,QB,15,15,39,167,3,17,59,16,4.3,11.1,2.6,8,PBAP MVP-8AP ORoY-1,StroCJ00,2023
98,Bryce Young,22,CAR,QB,16,16,39,253,0,18,64.1,26,6.5,15.8,2.4,11,,YounBr01,2023
99,Tyrod Taylor,34,NYG,QB,11,5,38,197,0,10,47.4,31,5.2,17.9,3.5,4,,TaylTy00,2023
101,Geno Smith,33,SEA,QB,15,15,37,155,1,10,40.5,25,4.2,10.3,2.5,5,PB,SmitGe00,2023
103,Tommy DeVito,25,NYG,QB,9,6,36,195,1,7,44.4,26,5.4,21.7,4,2,,DeViTo00,2023
104,Zach Wilson,24,NYJ,QB,12,11,36,211,0,7,41.7,20,5.9,17.6,3,11,,WilsZa00,2023
107,Tua Tagovailoa,25,MIA,QB,17,17,35,74,0,5,20,9,2.1,4.4,2.1,13,PBAP CPoY-5,TagoTu00,2023
108,Gardner Minshew II,27,IND,QB,17,13,34,100,3,7,29.4,23,2.9,5.9,2,8,PB,MinsGa00,2023
109,Derek Carr,32,NOR,QB,17,17,32,40,0,4,25,10,1.3,2.4,1.9,7,,CarrDe02,2023
110,Jared Goff,29,DET,QB,17,17,32,21,2,5,21.9,11,0.7,1.2,1.9,6,,GoffJa00,2023
114,Joe Burrow,27,CIN,QB,10,10,31,88,0,9,38.7,20,2.8,8.8,3.1,2,,BurrJo01,2023
119,Jake Browning,27,CIN,QB,9,7,27,127,3,12,63,21,4.7,14.1,3,3,,BrowJa08,2023
120,Easton Stick,28,LAC,QB,5,4,27,144,1,11,63,21,5.3,28.8,5.4,5,,SticEa00,2023
122,Mac Jones,25,NWE,QB,11,11,26,96,0,11,57.7,18,3.7,8.7,2.4,3,,JoneMa05,2023
123,Deshaun Watson,28,CLE,QB,6,6,26,142,1,10,61.5,16,5.5,23.7,4.3,5,,WatsDe00,2023
125,Will Levis,24,TEN,QB,9,9,25,57,1,7,36,11,2.3,6.3,2.8,7,,LeviWi00,2023
126,Anthony Richardson,21,IND,QB,4,4,25,136,4,8,64,23,5.4,34,6.3,3,,RichAn03,2023
128,Tyson Bagent,23,CHI,QB,5,4,23,109,2,11,56.5,20,4.7,21.8,4.6,3,,BageTy00,2023
134,Sam Darnold,26,SFO,QB,10,1,21,15,1,3,23.8,9,0.7,1.5,2.1,3,,DarnSa00,2023
136,Matthew Stafford,35,LAR,QB,15,15,21,65,0,4,33.3,9,3.1,4.3,1.4,0,PBAP MVP-8AP CPoY-4,StafMa00,2023
137,Jimmy Garoppolo,32,LVR,QB,7,6,20,39,0,6,30,9,2,5.6,2.9,1,,GaroJi00,2023
141,Aidan O'Connell,25,LVR,QB,11,10,17,11,1,7,41.2,3,0.6,1,1.5,4,,OConAi00,2023
142,Ryan Tannehill,35,TEN,QB,10,8,17,74,1,4,35.3,23,4.4,7.4,1.7,4,,TannRy00,2023
143,Carson Wentz,31,LAR,QB,2,1,17,56,1,4,58.8,12,3.3,28,8.5,0,,WentCa00,2023
144,Bailey Zappe,24,NWE,QB,10,6,17,83,1,6,47.1,18,4.9,8.3,1.7,2,,ZappBa00,2023
146,Mitchell Trubisky,29,PIT,QB,5,2,16,54,2,6,50,15,3.4,10.8,3.2,1,,TrubMi00,2023
148,Taylor Heinicke,30,ATL,QB,5,4,15,124,1,5,53.3,24,8.3,24.8,3,1,,HeinTa00,2023
149,Tyler Huntley,25,BAL,QB,5,1,15,55,0,3,40,11,3.7,11,3,0,,HuntTy01,2023
153,Kirk Cousins,35,MIN,QB,8,8,14,25,0,6,50,10,1.8,3.1,1.8,7,,CousKi00,2023
156,Dorian Thompson-Robinson,24,CLE,QB,8,3,14,65,0,4,35.7,12,4.6,8.1,1.8,2,,ThomDo02,2023
159,Kyle Allen,27,BUF,QB,7,0,13,-13,0,0,0,,-1,-1.9,1.9,0,,AlleKy00,2023
161,P.J. Walker,28,CLE,QB,6,2,13,30,0,3,46.2,9,2.3,5,2.2,4,,WalkPh00,2023
164,Cooper Rush,30,DAL,QB,7,0,12,-5,0,1,8.3,6,-0.4,-0.7,1.7,0,,RushCo00,2023
170,Trevor Siemian,32,NYJ,QB,5,3,11,40,0,5,54.5,13,3.6,8,2.2,5,,SiemTr00,2023
175,Nick Mullens,28,MIN,QB,5,3,10,25,0,4,50,6,2.5,5,2,2,,MullNi00,2023
176,Mason Rudolph,28,PIT,QB,4,3,10,8,0,4,40,7,0.8,2,2.5,3,,RudoMa00,2023
180,Joe Flacco,38,CLE,QB,5,5,9,2,0,3,33.3,3,0.2,0.4,1.8,4,AP CPoY-1,FlacJo00,2023
185,Jarrett Stidham,27,DEN,QB,3,2,9,8,0,1,22.2,4,0.9,2.7,3,1,,StidJa00,2023
186,C.J. Beathard,30,JAX,QB,7,1,8,35,0,2,37.5,19,4.4,5,1.1,1,,BeatC.00,2023
193,Marcus Mariota,30,PHI,QB,3,0,8,52,0,6,87.5,17,6.5,17.3,2.7,1,,MariMa01,2023
197,Clayton Tune,24,ARI,QB,7,1,8,30,1,3,62.5,11,3.8,4.3,1.1,2,,TuneCl00,2023
198,Mike White,28,MIA,QB,6,0,8,-9,0,0,0,,-1.1,-1.5,1.3,1,,WhitMi01,2023
200,Jeff Driskel,30,CLE,QB,1,1,7,33,0,4,71.4,13,4.7,33,7,0,,DrisJe00,2023
201,Blaine Gabbert,34,KAN,QB,2,1,7,45,0,2,42.9,25,6.4,22.5,3.5,0,,GabbBl00,2023
207,Jaren Hall,25,MIN,QB,3,2,6,14,0,0,16.7,8,2.3,4.7,2,2,,HallJa00,2023
220,Drew Lock,27,SEA,QB,4,2,5,14,0,1,20,11,2.8,3.5,1.3,0,,LockDr00,2023
223,Malik Willis,24,TEN,QB,3,0,5,21,0,1,40,11,4.2,7,1.7,1,,WillMa12,2023
224,Jameis Winston,29,NOR,QB,7,0,5,-6,0,0,0,-1,-1.2,-0.9,0.7,0,,WinsJa00,2023
227,Tim Boyle,29,NYJ,QB,3,2,4,5,0,3,75,2,1.3,1.7,1.3,2,,BoylTi00,2023
238,Matt Barkley,33,JAX,QB,1,0,3,-3,0,0,0,-1,-1,-3,3,0,,BarkMa00,2023
239,Jacoby Brissett,31,WAS,QB,3,0,3,19,0,0,66.7,10,6.3,6.3,1,0,,BrisJa00,2023
242,Sean Clifford,25,GNB,QB,2,0,3,-2,0,0,0,,-0.7,-1,1.5,1,,ClifSe00,2023
243,Andy Dalton,36,CAR,QB,3,1,3,12,0,2,66.7,10,4,4,1,0,,DaltAn00,2023
246,Brian Hoyer,38,LVR,QB,3,1,3,-3,0,0,0,-1,-1,-1,1,0,,HoyeBr00,2023
258,Brett Rypien,27,LAR,QB,2,1,3,19,0,1,66.7,8,6.3,9.5,1.5,2,,RypiBr00,2023
266,Teddy Bridgewater,31,DET,QB,1,0,2,-2,0,0,0,-1,-1,-2,2,0,,BridTe00,2023
275,Case Keenum,35,HOU,QB,2,2,2,1,0,0,0,1,0.5,0.5,1,1,,KeenCa00,2023
276,Davis Mills,25,HOU,QB,6,0,2,9,0,0,50,9,4.5,1.5,0.3,0,,MillDa02,2023
280,Nathan Peterman,29,CHI,QB,2,0,2,-4,0,0,0,-2,-2,-2,1,1,,PeteNa00,2023
338,Kyle Trask,25,TAM,QB,2,0,1,-1,0,0,0,-1,-1,-0.5,0.5,0,,TrasKy00,2023
345,Logan Woodside,28,ATL,QB,1,0,1,6,0,0,100,6,6,6,1,0,,WoodLo00,2023
34,Jalen Hurts,24,PHI,QB,15,15,165,760,13,67,59.4,42,4.6,50.7,11,9,PBAP-2AP MVP-2AP OPoY-3,HurtJa00,2022
35,Justin Fields,23,CHI,QB,15,15,160,1143,8,65,56.3,67,7.1,76.2,10.7,16,AP MVP-9,FielJu00,2022
40,Josh Allen,26,BUF,QB,16,16,124,762,7,55,61.3,44,6.1,47.6,7.8,13,PBAP MVP-3AP OPoY-8,AlleJo02,2022
42,Daniel Jones,25,NYG,QB,16,16,120,708,7,57,59.2,25,5.9,44.3,7.5,6,AP CPoY-11,JoneDa05,2022
44,Lamar Jackson,25,BAL,QB,12,12,112,764,3,47,64.3,79,6.8,63.7,9.3,5,,JackLa00,2022
58,Marcus Mariota,29,ATL,QB,13,13,85,438,4,30,57.6,30,5.2,33.7,6.5,8,,MariMa01,2022
63,Joe Burrow,26,CIN,QB,16,16,75,257,5,28,49.3,23,3.4,16.1,4.7,6,PBAP MVP-4AP OPoY-9,BurrJo01,2022
70,Geno Smith,32,SEA,QB,17,17,68,366,1,24,55.9,25,5.4,21.5,4,8,PBAP MVP-9AP CPoY-1,SmitGe00,2022
72,Kyler Murray,25,ARI,QB,11,11,67,418,3,23,61.2,42,6.2,38,6.1,8,,MurrKy00,2022
74,Trevor Lawrence,23,JAX,QB,17,17,62,291,5,27,59.7,24,4.7,17.1,3.6,12,PBAP MVP-7AP CPoY-12,LawrTr00,2022
75,Patrick Mahomes,27,KAN,QB,17,17,61,358,4,25,59,20,5.9,21.1,3.6,5,PBAP-1AP MVP-1AP OPoY-2,MahoPa00,2022
77,Kenny Pickett,24,PIT,QB,13,12,55,237,3,23,60,23,4.3,18.2,4.2,4,AP ORoY-6,PickKe00,2022
78,Russell Wilson,34,DEN,QB,15,15,55,277,3,21,50.9,19,5,18.5,3.7,6,,WilsRu00,2022
80,Justin Herbert,24,LAC,QB,17,17,54,147,0,17,40.7,23,2.7,8.6,3.2,8,AP MVP-9,HerbJu00,2022
83,Jacoby Brissett,30,CLE,QB,16,11,49,243,2,28,65.3,22,5,15.2,3.1,6,,BrisJa00,2022
85,Mac Jones,24,NWE,QB,14,14,47,102,1,12,34,15,2.2,7.3,3.4,5,,JoneMa05,2022
89,Dak Prescott,29,DAL,QB,12,12,45,182,1,19,51.1,25,4,15.2,3.8,4,,PresDa01,2022
90,Tyler Huntley,24,BAL,QB,6,4,43,137,1,12,39.5,14,3.2,22.8,7.2,3,PB,HuntTy01,2022
100,Deshaun Watson,27,CLE,QB,6,6,36,175,1,10,47.2,21,4.9,29.2,6,1,,WatsDe00,2022
104,Aaron Rodgers,39,GNB,QB,17,17,34,94,1,9,32.4,18,2.8,5.5,2,8,,RodgAa00,2022
105,Ryan Tannehill,34,TEN,QB,12,12,34,98,2,12,44.1,17,2.9,8.2,2.8,3,,TannRy00,2022
106,Davis Mills,24,HOU,QB,15,15,32,108,2,8,28.1,17,3.4,7.2,2.1,8,,MillDa02,2022
108,Kirk Cousins,34,MIN,QB,17,17,31,97,2,11,38.7,19,3.1,5.7,1.8,7,PB,CousKi00,2022
109,Baker Mayfield,27,2TM,QB,12,10,31,89,1,7,29,17,2.9,7.4,2.6,9,,MayfBa00,2022
109,Baker Mayfield,27,CAR,QB,7,6,16,52,1,5,25,17,3.3,7.4,2.3,6,,MayfBa00,2022
109,Baker Mayfield,27,LAR,QB,5,4,15,37,0,2,33.3,11,2.5,7.4,3,3,,MayfBa00,2022
110,Andy Dalton,35,NOR,QB,14,14,30,54,0,6,33.3,14,1.8,3.9,2.1,5,,DaltAn00,2022
112,Tom Brady,45,TAM,QB,17,17,29,-1,1,5,17.2,2,0,-0.1,1.7,5,,BradTo00,2022
113,Jared Goff,28,DET,QB,17,17,29,73,0,5,24.1,14,2.5,4.3,1.7,7,PBAP CPoY-6,GoffJa00,2022
114,Taylor Heinicke,29,WAS,QB,9,9,28,96,1,6,46.4,15,3.4,10.7,3.1,7,,HeinTa00,2022
115,Zach Wilson,23,NYJ,QB,9,9,28,102,1,7,42.9,18,3.6,11.3,3.1,1,,WilsZa00,2022
117,Matt Ryan,37,IND,QB,12,12,27,70,1,9,37,39,2.6,5.8,2.3,15,,RyanMa00,2022
118,Malik Willis,23,TEN,QB,8,3,27,123,1,8,44.4,17,4.6,15.4,3.4,3,,WillMa12,2022
120,Sam Darnold,25,CAR,QB,6,6,26,106,2,10,38.5,26,4.1,17.7,4.3,6,,DarnSa00,2022
123,Derek Carr,31,LVR,QB,15,15,24,102,0,10,50,20,4.3,6.8,1.6,4,PB,CarrDe02,2022
127,Jimmy Garoppolo,31,SFO,QB,11,10,23,33,2,12,47.8,6,1.4,3,2.1,3,,GaroJi00,2022
129,Tua Tagovailoa,24,MIA,QB,13,13,23,70,0,4,34.8,18,3,5.4,1.8,6,AP MVP-9,TagoTu00,2022
132,Brock Purdy,23,SFO,QB,9,5,22,13,1,5,27.3,13,0.6,1.4,2.4,0,AP ORoY-3,PurdBr00,2022
133,Carson Wentz,30,WAS,QB,8,7,22,86,1,4,50,18,3.9,10.8,2.8,6,,WentCa00,2022
136,Jeff Driskel,29,HOU,QB,7,2,20,75,0,4,45,10,3.8,10.7,2.9,0,,DrisJe00,2022
139,Bryce Perkins,26,LAR,QB,5,1,19,90,0,6,42.1,23,4.7,18,3.8,0,,PerkBr02,2022
140,Mitchell Trubisky,28,PIT,QB,7,5,19,38,2,7,52.6,9,2,5.4,2.7,0,,TrubMi00,2022
145,Sam Ehlinger,24,IND,QB,4,3,17,87,0,5,52.9,19,5.1,21.8,4.3,2,,EhliSa00,2022
151,Trey Lance,22,SFO,QB,2,2,16,67,0,7,56.3,13,4.2,33.5,8,1,,LancTr00,2022
153,Desmond Ridder,23,ATL,QB,4,4,16,64,0,4,31.3,18,4,16,4,3,,RiddDe00,2022
156,Trace McSorley,27,ARI,QB,6,1,15,61,0,3,40,14,4.1,10.2,2.5,2,,McSoTr00,2022
158,Colt McCoy,36,ARI,QB,4,3,14,36,0,5,42.9,9,2.6,9,3.5,2,,McCoCo00,2022
159,Jarrett Stidham,26,LVR,QB,5,2,14,84,0,7,85.7,11,6,16.8,2.8,3,,StidJa00,2022
160,Skylar Thompson,25,MIA,QB,7,2,14,21,0,1,14.3,9,1.5,3,2,2,,ThomSk00,2022
163,Matthew Stafford,34,LAR,QB,9,9,13,9,1,3,38.5,4,0.7,1,1.4,5,,StafMa00,2022
178,Bailey Zappe,23,NWE,QB,4,2,10,0,0,0,10,,0,0,2.5,4,,ZappBa00,2022
189,Cooper Rush,29,DAL,QB,9,5,9,6,0,1,11.1,6,0.7,0.7,1,2,,RushCo00,2022
192,Chris Streveler,27,NYJ,QB,2,1,9,54,0,1,55.6,14,6,27,4.5,1,,StreCh00,2022
197,Joshua Dobbs,27,TEN,QB,2,2,8,44,0,4,75,11,5.5,22,4,4,,DobbJo00,2022
200,John Wolford,27,LAR,QB,3,3,8,32,0,2,37.5,14,4,10.7,2.7,3,,WolfJo00,2022
206,Gardner Minshew II,26,PHI,QB,5,2,7,3,1,1,14.3,3,0.4,0.6,1.4,4,,MinsGa00,2022
211,Kyle Allen,26,HOU,QB,2,2,6,13,0,2,50,5,2.2,6.5,3,4,,AlleKy00,2022
217,Brett Rypien,26,DEN,QB,4,2,6,7,0,2,33.3,6,1.2,1.8,1.5,4,,RypiBr00,2022
219,P.J. Walker,27,CAR,QB,6,5,6,39,0,3,83.3,20,6.5,6.5,1,0,,WalkPh00,2022
220,Davis Webb,27,NYG,QB,1,1,6,41,1,2,83.3,14,6.8,41,6,0,,WebbDa00,2022
221,Mike White,27,NYJ,QB,4,4,6,9,1,3,66.7,4,1.5,2.3,1.5,2,,WhitMi01,2022
226,Chad Henne,37,KAN,QB,3,0,5,-5,0,0,0,-1,-1,-1.7,1.7,1,,HennCh01,2022
227,Sam Howell,22,WAS,QB,1,1,5,35,1,4,80,10,7,35,5,0,,HoweSa00,2022
229,Case Keenum,34,BUF,QB,2,0,5,0,0,0,0,,0,0,2.5,0,,KeenCa00,2022
232,Nate Sudfeld,29,DET,QB,2,0,5,-4,0,0,0,,-0.8,-2,2.5,0,,SudfNa00,2022
233,Tyrod Taylor,33,NYG,QB,3,0,5,70,0,5,100,32,14,23.3,1.7,2,,TaylTy00,2022
236,Jameis Winston,28,NOR,QB,3,3,5,16,0,0,40,6,3.2,5.3,1.7,3,,WinsJa00,2022
238,C.J. Beathard,29,JAX,QB,4,0,4,-4,0,0,0,-1,-1,-1,1,0,,BeatC.00,2022
239,David Blough,27,ARI,QB,2,2,4,5,0,0,25,4,1.3,2.5,2,1,,BlouDa00,2022
251,Nick Mullens,27,MIN,QB,4,0,4,8,0,1,50,4,2,2,1,0,,MullNi00,2022
256,Trevor Siemian,31,CHI,QB,2,1,4,8,0,1,25,6,2,4,2,0,,SiemTr00,2022
261,Brandon Allen,30,CIN,QB,1,0,3,-1,0,1,33.3,2,-0.3,-1,3,0,,AlleBr00,2022
264,Teddy Bridgewater,30,MIA,QB,5,2,3,27,0,2,66.7,11,9,5.4,0.6,0,,BridTe00,2022
265,Anthony Brown,24,BAL,QB,2,1,3,-5,0,0,0,-1,-1.7,-2.5,1.5,1,,BrowAn06,2022
266,Joe Flacco,37,NYJ,QB,5,4,3,6,0,1,33.3,7,2,1.2,0.6,5,,FlacJo00,2022
282,Tim Boyle,28,CHI,QB,1,0,2,-2,0,0,0,-1,-1,-2,2,0,,BoylTi00,2022
291,Nick Foles,33,IND,QB,3,2,2,8,0,0,50,8,4,2.7,0.7,0,,FoleNi00,2022
299,Josh Johnson,36,SFO,QB,2,0,2,3,0,0,0,4,1.5,1.5,1,0,,JohnJo05,2022
308,Nathan Peterman,28,CHI,QB,3,1,2,7,0,0,50,6,3.5,2.3,0.7,0,,PeteNa00,2022
329,Chase Daniel,36,LAC,QB,4,0,1,4,0,0,0,4,4,1,0.3,0,,DaniCh00,2022
338,Feleipe Franks,25,ATL,QB,11,1,1,0,0,0,0,,0,0,0.1,0,,FranFe00,2022
349,Jordan Love,24,GNB,QB,4,0,1,-1,0,0,0,-1,-1,-0.3,0.3,0,,LoveJo03,2022
35,Jalen Hurts,23,PHI,QB,15,15,139,784,10,56,61.9,31,5.6,52.3,9.3,9,,HurtJa00,2021
41,Lamar Jackson,24,BAL,QB,12,12,133,767,2,48,56.4,31,5.8,63.9,11.1,6,PB,JackLa00,2021
44,Josh Allen,25,BUF,QB,17,17,122,763,6,54,61.5,34,6.3,44.9,7.2,8,,AlleJo02,2021
56,Kyler Murray,24,ARI,QB,14,14,88,423,5,25,53.4,57,4.8,30.2,6.3,13,PB,MurrKy00,2021
63,Trevor Lawrence,22,JAX,QB,17,17,73,334,2,22,50.7,26,4.6,19.6,4.3,9,,LawrTr00,2021
64,Justin Fields,22,CHI,QB,12,10,72,420,2,22,48.6,23,5.8,35,6,12,,FielJu00,2021
72,Patrick Mahomes,26,KAN,QB,17,17,66,381,2,25,50,32,5.8,22.4,3.9,9,PB,MahoPa00,2021
74,Justin Herbert,23,LAC,QB,17,17,63,302,3,28,58.7,36,4.8,17.8,3.7,1,PB,HerbJu00,2021
75,Daniel Jones,24,NYG,QB,11,11,62,298,2,16,48.4,46,4.8,27.1,5.6,7,,JoneDa05,2021
77,Taylor Heinicke,28,WAS,QB,16,15,60,313,1,20,46.7,38,5.2,19.6,3.8,7,,HeinTa00,2021
79,Carson Wentz,29,IND,QB,17,17,57,215,1,21,49.1,18,3.8,12.6,3.4,8,,WentCa00,2021
86,Ryan Tannehill,33,TEN,QB,17,17,55,270,7,33,65.5,28,4.9,15.9,3.2,10,,TannRy00,2021
92,Sam Darnold,24,CAR,QB,12,11,48,222,5,20,60.4,30,4.6,18.5,4,9,,DarnSa00,2021
94,Dak Prescott,28,DAL,QB,16,16,48,146,1,7,27.1,21,3,9.1,3,14,AP CPoY-2,PresDa01,2021
95,Tyler Huntley,23,BAL,QB,7,4,47,294,2,22,55.3,21,6.3,42,6.7,4,,HuntTy01,2021
96,Cam Newton,32,CAR,QB,8,5,47,230,5,20,55.3,33,4.9,28.8,5.9,4,,NewtCa00,2021
98,Mac Jones,23,NWE,QB,17,17,44,129,0,22,52.3,13,2.9,7.6,2.6,7,PBAP ORoY-2,JoneMa05,2021
100,Russell Wilson,33,SEA,QB,14,14,43,183,2,17,44.2,17,4.3,13.1,3.1,6,PB,WilsRu00,2021
101,Tua Tagovailoa,23,MIA,QB,13,12,42,128,3,13,40.5,23,3,9.8,3.2,9,,TagoTu00,2021
104,Joe Burrow,25,CIN,QB,16,16,40,118,2,14,40,12,3,7.4,2.5,5,AP CPoY-1,BurrJo01,2021
105,Derek Carr,30,LVR,QB,17,17,40,108,0,9,40,22,2.7,6.4,2.4,13,,CarrDe02,2021
106,Matt Ryan,36,ATL,QB,17,17,40,82,1,9,30,17,2.1,4.8,2.4,11,,RyanMa00,2021
109,Jimmy Garoppolo,30,SFO,QB,15,15,38,51,3,15,47.4,7,1.3,3.4,2.5,8,,GaroJi00,2021
110,Trey Lance,21,SFO,QB,6,2,38,168,1,8,42.1,15,4.4,28,6.3,0,,LancTr00,2021
112,Baker Mayfield,26,CLE,QB,14,14,37,134,1,12,48.6,14,3.6,9.6,2.6,6,,MayfBa00,2021
122,Aaron Rodgers,38,GNB,QB,16,16,33,101,3,10,36.4,18,3.1,6.3,2.1,3,PBAP-1AP MVP-1AP OPoY-4,RodgAa00,2021
123,Matthew Stafford,33,LAR,QB,17,17,32,43,0,8,31.3,12,1.3,2.5,1.9,5,,StafMa00,2021
124,Jameis Winston,27,NOR,QB,7,7,32,166,1,17,56.3,20,5.2,23.7,4.6,2,,WinsJa00,2021
125,Teddy Bridgewater,29,DEN,QB,14,14,30,106,2,16,60,13,3.5,7.6,2.1,1,,BridTe00,2021
126,Kirk Cousins,33,MIN,QB,16,16,29,115,1,8,48.3,29,4,7.2,1.8,12,PB,CousKi00,2021
127,Zach Wilson,22,NYJ,QB,13,13,29,185,4,10,44.8,52,6.4,14.2,2.2,5,,WilsZa00,2021
128,Tom Brady,44,TAM,QB,17,17,28,81,2,14,53.6,13,2.9,4.8,1.6,4,PBAP-2AP MVP-2AP OPoY-3,BradTo00,2021
135,Colt McCoy,35,ARI,QB,8,3,22,37,0,6,31.8,11,1.7,4.6,2.8,4,,McCoCo00,2021
138,Ben Roethlisberger,39,PIT,QB,16,16,20,5,1,3,20,8,0.3,0.3,1.3,11,,RoetBe00,2021
139,Jacoby Brissett,29,MIA,QB,11,5,19,70,1,9,63.2,19,3.7,6.4,1.7,6,,BrisJa00,2021
141,Tyrod Taylor,32,HOU,QB,6,6,19,151,3,6,52.6,30,7.9,25.2,3.2,3,,TaylTy00,2021
143,Davis Mills,23,HOU,QB,13,11,18,44,0,5,38.9,11,2.4,3.4,1.4,5,,MillDa02,2021
146,Jared Goff,27,DET,QB,14,14,17,87,0,4,29.4,26,5.1,6.2,1.2,9,,GoffJa00,2021
148,Andy Dalton,34,CHI,QB,8,6,16,76,0,2,50,14,4.8,9.5,2,1,,DaltAn00,2021
157,Marcus Mariota,28,LVR,QB,10,0,13,87,1,6,76.9,31,6.7,8.7,1.3,1,,MariMa01,2021
159,Mitchell Trubisky,27,BUF,QB,6,0,13,24,1,3,23.1,22,1.8,4,2.2,0,,TrubMi00,2021
162,Case Keenum,33,CLE,QB,7,2,12,22,0,6,50,10,1.8,3.1,1.7,1,,KeenCa00,2021
163,Jordan Love,23,GNB,QB,6,1,12,27,0,1,25,10,2.3,4.5,2,3,,LoveJo03,2021
165,Brian Hoyer,36,NWE,QB,5,0,11,-8,0,1,9.1,2,-0.7,-1.6,2.2,0,,HoyeBr00,2021
169,Drew Lock,25,DEN,QB,6,3,10,53,2,5,50,23,5.3,8.8,1.7,2,,LockDr00,2021
172,Blaine Gabbert,32,TAM,QB,6,0,9,-7,0,0,0,,-0.8,-1.2,1.5,0,,GabbBl00,2021
176,Gardner Minshew II,25,PHI,QB,4,2,9,21,0,2,55.6,9,2.3,5.3,2.3,1,,MinsGa00,2021
178,Cooper Rush,28,DAL,QB,5,1,9,-8,0,0,0,2,-0.9,-1.6,1.8,1,,RushCo00,2021
179,Trevor Siemian,30,NOR,QB,6,4,9,20,1,2,22.2,17,2.2,3.3,1.5,3,,SiemTr00,2021
180,Geno Smith,31,SEA,QB,4,3,9,42,1,3,77.8,12,4.7,10.5,2.3,1,,SmitGe00,2021
184,Josh Johnson,35,2TM,QB,4,1,9,28,0,1,33.3,11,3.1,7,2.3,2,,JohnJo05,2021
184,Josh Johnson,35,NYJ,QB,3,0,4,18,0,1,50,11,4.5,6,1.3,0,,JohnJo05,2021
184,Josh Johnson,35,BAL,QB,1,1,5,10,0,0,20,7,2,10,5,2,,JohnJo05,2021
187,Jake Fromm,23,NYG,QB,3,2,8,65,0,4,62.5,27,8.1,21.7,2.7,2,,FromJa00,2021
189,Chad Henne,36,KAN,QB,4,0,8,0,0,0,12.5,,0,0,2,2,,HennCh01,2021
195,Brandon Allen,29,CIN,QB,6,1,7,-1,0,1,14.3,3,-0.1,-0.2,1.2,1,,AlleBr00,2021
200,Mike Glennon,32,NYG,QB,6,4,7,33,1,2,57.1,13,4.7,5.5,1.2,6,,GlenMi00,2021
204,P.J. Walker,26,CAR,QB,5,1,7,13,0,2,42.9,13,1.9,2.6,1.4,3,,WalkPh00,2021
210,Logan Woodside,26,TEN,QB,5,0,6,-6,0,0,0,-1,-1,-1.2,1.2,0,,WoodLo00,2021
220,Mason Rudolph,26,PIT,QB,2,1,5,53,0,3,60,26,10.6,26.5,2.5,1,,RudoMa00,2021
224,Mike White,26,NYJ,QB,4,3,5,-1,0,2,40,2,-0.2,-0.3,1.3,0,,WhitMi01,2021
230,Nick Foles,32,CHI,QB,1,1,4,8,0,1,50,8,2,8,4,1,,FoleNi00,2021
241,Ian Book,23,NOR,QB,1,1,3,6,0,1,33.3,3,2,6,3,0,,BookIa00,2021
246,Sam Ehlinger,23,IND,QB,3,0,3,9,0,1,66.7,9,3,3,1,0,,EhliSa00,2021
248,Feleipe Franks,24,ATL,QB,9,0,3,6,0,0,0,4,2,0.7,0.3,0,,FranFe00,2021
261,Chris Streveler,26,ARI,QB,2,0,3,6,0,0,0,4,2,3,1.5,1,,StreCh00,2021
265,Kyle Allen,25,WAS,QB,2,0,2,11,0,1,50,11,5.5,5.5,1,1,,AlleKy00,2021
268,Kurt Benkert,26,GNB,QB,1,0,2,-1,0,0,0,,-0.5,-1,2,0,,BenkKu01,2021
270,Tim Boyle,27,DET,QB,5,3,2,13,0,1,50,14,6.5,2.6,0.4,1,,BoylTi00,2021
273,Chase Daniel,35,LAC,QB,1,0,2,-2,0,0,0,-1,-1,-2,2,0,,DaniCh00,2021
275,Joe Flacco,36,NYJ,QB,2,1,2,3,0,1,50,2,1.5,1.5,1,1,,FlacJo00,2021
288,Sean Mannion,29,MIN,QB,1,1,2,14,0,2,100,11,7,14,2,0,,MannSe00,2021
294,Nathan Peterman,27,LVR,QB,1,0,2,2,0,1,50,1,1,2,2,0,,PeteNa00,2021
300,Davis Webb,26,BUF,QB,1,0,2,-3,0,0,0,-1,-1.5,-3,2,0,,WebbDa00,2021
302,John Wolford,26,LAR,QB,3,0,2,-1,0,0,0,,-0.5,-0.3,0.7,0,,WolfJo00,2021
306,C.J. Beathard,28,JAX,QB,2,0,1,2,0,0,0,2,2,1,0.5,0,,BeatC.00,2021
307,David Blough,26,DET,QB,1,0,1,6,0,0,100,6,6,6,1,1,,BlouDa00,2021
329,Ryan Fitzpatrick,39,WAS,QB,1,1,1,2,0,0,0,2,2,2,1,1,,FitzRy00,2021
22,Lamar Jackson,23,BAL,QB,15,15,159,1005,7,56,51.6,50,6.3,67,10.6,10,,JackLa00,2020
34,Cam Newton,31,NWE,QB,15,15,137,592,12,55,54,49,4.3,39.5,9.1,6,,NewtCa00,2020
36,Kyler Murray,23,ARI,QB,16,16,133,819,11,52,57.1,48,6.2,51.2,8.3,9,PB,MurrKy00,2020
48,Josh Allen,24,BUF,QB,16,16,102,421,8,38,54.9,24,4.1,26.3,6.4,9,PBAP-2AP MVP-2AP OPoY-4,AlleJo02,2020
58,Deshaun Watson,25,HOU,QB,16,16,90,444,3,31,53.3,16,4.9,27.8,5.6,8,PB,WatsDe00,2020
63,Russell Wilson,32,SEA,QB,16,16,83,513,2,25,50.6,38,6.2,32.1,5.2,7,PB,WilsRu00,2020
73,Daniel Jones,23,NYG,QB,14,14,65,423,1,17,44.6,80,6.5,30.2,4.6,10,,JoneDa05,2020
76,Jalen Hurts,22,PHI,QB,15,4,63,354,3,25,50.8,24,5.6,23.6,4.2,9,,HurtJa00,2020
79,Patrick Mahomes,25,KAN,QB,15,15,62,308,2,22,53.2,24,5,20.5,4.1,5,PBAP-2AP MVP-3AP OPoY-2,MahoPa00,2020
83,Justin Herbert,22,LAC,QB,15,15,55,234,5,20,49.1,31,4.3,15.6,3.7,8,AP ORoY-1,HerbJu00,2020
87,Baker Mayfield,25,CLE,QB,16,16,54,165,1,18,46.3,28,3.1,10.3,3.4,8,,MayfBa00,2020
88,Teddy Bridgewater,28,CAR,QB,15,15,53,279,5,18,50.9,18,5.3,18.6,3.5,6,,BridTe00,2020
90,Carson Wentz,28,PHI,QB,12,12,52,276,5,25,63.5,40,5.3,23,4.3,10,,WentCa00,2020
91,Jared Goff,26,LAR,QB,15,15,51,99,4,12,37.3,10,1.9,6.6,3.4,7,,GoffJa00,2020
94,Drew Lock,24,DEN,QB,13,13,44,160,3,13,52.3,16,3.6,12.3,3.4,8,,LockDr00,2020
95,Ryan Tannehill,32,TEN,QB,16,16,43,266,7,22,67.4,45,6.2,16.6,2.7,6,,TannRy00,2020
98,Derek Carr,29,LVR,QB,16,16,39,140,3,16,53.8,18,3.6,8.8,2.4,11,,CarrDe02,2020
101,Aaron Rodgers,37,GNB,QB,16,16,38,149,3,15,55.3,14,3.9,9.3,2.4,4,PBAP-1AP MVP-1AP OPoY-2,RodgAa00,2020
102,Joe Burrow,24,CIN,QB,10,10,37,142,3,14,54.1,23,3.8,14.2,3.7,9,,BurrJo01,2020
103,Sam Darnold,23,NYJ,QB,12,12,37,217,2,13,59.5,46,5.9,18.1,3.1,4,,DarnSa00,2020
104,Tua Tagovailoa,22,MIA,QB,10,9,36,109,3,13,52.8,17,3,10.9,3.6,1,,TagoTu00,2020
111,Mitchell Trubisky,26,CHI,QB,10,9,33,195,1,12,63.6,45,5.9,19.5,3.3,6,,TrubMi00,2020
112,Kirk Cousins,32,MIN,QB,16,16,32,156,1,16,59.4,16,4.9,9.8,2,9,,CousKi00,2020
115,Tom Brady,43,TAM,QB,16,16,30,6,3,6,23.3,4,0.2,0.4,1.9,4,,BradTo00,2020
116,Ryan Fitzpatrick,38,MIA,QB,9,7,30,151,2,12,53.3,17,5,16.8,3.3,2,,FitzRy00,2020
119,Gardner Minshew II,24,JAX,QB,9,8,29,153,1,10,55.2,16,5.3,17,3.2,5,,MinsGa00,2020
120,Matt Ryan,35,ATL,QB,16,16,29,92,2,8,37.9,16,3.2,5.8,1.8,6,,RyanMa00,2020
121,Matthew Stafford,32,DET,QB,16,16,29,112,0,12,51.7,17,3.9,7,1.8,2,,StafMa00,2020
123,Andy Dalton,33,DAL,QB,11,9,28,114,0,11,50,13,4.1,10.4,2.5,2,,DaltAn00,2020
128,Ben Roethlisberger,38,PIT,QB,15,15,25,11,0,3,12,11,0.4,0.7,1.7,5,AP CPoY-2,RoetBe00,2020
134,Dwayne Haskins,23,WAS,QB,7,6,20,46,1,6,40,19,2.3,6.6,2.9,6,,HaskDw00,2020
137,Drew Brees,41,NOR,QB,12,12,18,-2,2,4,22.2,3,-0.1,-0.2,1.5,6,,BreeDr00,2020
139,Dak Prescott,27,DAL,QB,5,5,18,93,3,8,55.6,12,5.2,18.6,3.6,3,,PresDa01,2020
140,Philip Rivers,39,IND,QB,16,16,18,-8,0,0,0,3,-0.4,-0.5,1.1,2,,RivePh00,2020
142,Jacoby Brissett,28,IND,QB,11,0,17,19,3,9,58.8,5,1.1,1.7,1.5,0,,BrisJa00,2020
144,Nick Foles,31,CHI,QB,9,7,16,1,1,2,12.5,7,0.1,0.1,1.8,2,,FoleNi00,2020
149,Brandon Allen,28,CIN,QB,5,5,13,27,0,5,46.2,4,2.1,5.4,2.6,1,,AlleBr00,2020
150,Tim Boyle,26,GNB,QB,8,0,13,-9,0,0,0,,-0.7,-1.1,1.6,1,,BoylTi00,2020
155,Robert Griffin III,30,BAL,QB,4,1,12,69,0,4,41.7,39,5.8,17.3,3,1,,GrifRo01,2020
159,Ryan Finley,26,CIN,QB,5,1,11,66,1,4,45.5,23,6,13.2,2.2,0,,FinlRy00,2020
163,Jimmy Garoppolo,29,SFO,QB,6,6,10,25,0,3,40,9,2.5,4.2,1.7,2,,GaroJi00,2020
164,Tyler Huntley,22,BAL,QB,2,0,10,23,0,1,10,19,2.3,11.5,5,0,,HuntTy01,2020
169,Alex Smith,36,WAS,QB,8,6,10,3,0,0,10,5,0.3,0.4,1.3,2,AP CPoY-1,SmitAl03,2020
172,Blaine Gabbert,31,TAM,QB,4,0,9,16,0,0,11.1,16,1.8,4,2.3,1,,GabbBl00,2020
175,Marcus Mariota,27,LVR,QB,1,0,9,88,1,8,100,26,9.8,88,9,0,,MariMa01,2020
176,Colt McCoy,34,NYG,QB,4,2,9,12,0,0,11.1,4,1.3,3,2.3,1,,McCoCo00,2020
177,Nick Mullens,25,SFO,QB,10,8,9,8,0,1,22.2,7,0.9,0.8,0.9,6,,MullNi00,2020
184,Jameis Winston,26,NOR,QB,4,0,8,-6,0,0,12.5,3,-0.8,-1.5,2,0,,WinsJa00,2020
185,Kyle Allen,24,WAS,QB,4,4,7,26,1,3,42.9,13,3.7,6.5,1.8,1,,AlleKy00,2020
188,Chad Henne,35,KAN,QB,3,1,7,-2,1,1,14.3,1,-0.3,-0.7,2.3,2,,HennCh01,2020
189,Mason Rudolph,25,PIT,QB,5,1,7,-6,0,0,0,1,-0.9,-1.2,1.4,0,,RudoMa00,2020
190,Jarrett Stidham,24,NWE,QB,5,0,7,7,0,3,42.9,6,1,1.4,1.4,0,,StidJa00,2020
192,Logan Woodside,25,TEN,QB,6,0,7,10,0,1,14.3,18,1.4,1.7,1.2,0,,WoodLo00,2020
196,Matt Barkley,30,BUF,QB,5,0,6,-6,0,0,0,-1,-1,-1.2,1.2,0,,BarkMa00,2020
197,C.J. Beathard,27,SFO,QB,6,2,6,28,0,1,50,17,4.7,4.7,1,3,,BeatC.00,2020
199,Ben DiNucci,24,DAL,QB,3,1,6,22,0,2,66.7,10,3.7,7.3,2,4,,DiNuBe00,2020
200,Jeff Driskel,27,DEN,QB,3,1,6,28,0,3,66.7,9,4.7,9.3,2,0,,DrisJe00,2020
202,Joe Flacco,35,NYJ,QB,5,4,6,22,0,3,50,9,3.7,4.4,1.2,1,,FlacJo00,2020
203,Mike Glennon,31,JAX,QB,5,5,6,17,0,2,50,4,2.8,3.4,1.2,2,,GlenMi00,2020
211,Tyrod Taylor,31,LAC,QB,2,1,6,7,0,1,16.7,4,1.2,3.5,3,0,,TaylTy00,2020
212,John Wolford,25,LAR,QB,1,1,6,56,0,4,83.3,14,9.3,56,6,0,,WolfJo00,2020
218,Trace McSorley,25,BAL,QB,2,0,5,17,0,2,60,9,3.4,8.5,2.5,0,,McSoTr00,2020
222,Brett Rypien,24,DEN,QB,3,1,5,-5,0,0,0,-1,-1,-1.7,1.7,1,,RypiBr00,2020
223,P.J. Walker,25,CAR,QB,4,1,5,-2,0,0,20,2,-0.4,-0.5,1.3,1,,WalkPh00,2020
236,Tommy Stevens,24,CAR,QB,1,0,4,24,0,2,100,10,6,24,4,0,,StevTo01,2020
237,Chris Streveler,25,ARI,QB,5,0,4,15,0,2,50,12,3.8,3,0.8,1,,StreCh00,2020
242,Garrett Gilbert,29,DAL,QB,1,1,3,28,0,2,66.7,15,9.3,28,3,0,,GilbGa01,2020
244,Taylor Heinicke,27,WAS,QB,1,0,3,22,0,2,100,12,7.3,22,3,0,,HeinTa00,2020
254,Matt Schaub,39,ATL,QB,1,0,3,-4,0,0,0,-1,-1.3,-4,3,0,,SchaMa00,2020
266,Chase Daniel,34,DET,QB,4,0,2,16,0,1,50,11,8,4,0.5,0,,DaniCh00,2020
267,Joshua Dobbs,25,PIT,QB,1,0,2,20,0,1,50,13,10,20,2,0,,DobbJo00,2020
291,Geno Smith,30,SEA,QB,1,0,2,-2,0,0,0,,-1,-2,2,1,,SmitGe00,2020
293,Nate Sudfeld,27,PHI,QB,1,0,2,12,0,1,50,12,6,12,2,1,,SudfNa00,2020
303,David Blough,25,DET,QB,1,0,1,18,0,1,100,18,18,18,1,0,,BlouDa00,2020
326,Brian Hoyer,35,NWE,QB,1,1,1,8,0,1,100,8,8,8,1,1,,HoyeBr00,2020
335,Jake Luton,24,JAX,QB,3,3,1,13,1,1,100,13,13,4.3,0.3,2,,LutoJa00,2020
346,Nathan Peterman,26,LVR,QB,1,0,1,9,0,1,100,9,9,9,1,0,,PeteNa00,2020
360,Easton Stick,25,LAC,QB,1,0,1,-2,0,0,0,-2,-2,-2,1,0,,SticEa00,2020
23,Lamar Jackson,22,BAL,QB,15,15,176,1206,7,71,58,47,6.9,80.4,11.7,9,PBAP-1AP MVP-1AP OPoY-2,JackLa00,2019
42,Josh Allen,23,BUF,QB,16,16,109,510,9,42,54.1,36,4.7,31.9,6.8,14,,AlleJo02,2019
49,Kyler Murray,22,ARI,QB,16,16,93,544,4,27,48.4,35,5.8,34,5.8,5,AP ORoY-1,MurrKy00,2019
53,Deshaun Watson,24,HOU,QB,15,15,82,413,7,29,48.8,30,5,27.5,5.5,10,PB,WatsDe00,2019
55,Russell Wilson,31,SEA,QB,16,16,75,342,3,17,41.3,21,4.6,21.4,4.7,8,PBAP-2AP OPoY-4,WilsRu00,2019
58,Gardner Minshew II,23,JAX,QB,14,12,67,344,0,20,43.3,21,5.1,24.6,4.8,12,,MinsGa00,2019
66,Carson Wentz,27,PHI,QB,16,16,62,243,1,21,62.9,19,3.9,15.2,3.9,16,AP CPoY-5,WentCa00,2019
70,Jameis Winston,25,TAM,QB,16,16,59,250,1,18,37.3,26,4.2,15.6,3.7,12,,WinsJa00,2019
72,Jacoby Brissett,27,IND,QB,15,15,56,228,4,20,55.4,24,4.1,15.2,3.7,7,,BrisJa00,2019
73,Ryan Fitzpatrick,37,MIA,QB,15,13,54,243,4,16,51.9,20,4.5,16.2,3.6,9,,FitzRy00,2019
78,Dak Prescott,26,DAL,QB,16,16,52,277,3,19,46.2,42,5.3,17.3,3.3,6,,PresDa01,2019
82,Mitchell Trubisky,25,CHI,QB,15,15,48,193,2,12,43.8,23,4,12.9,3.2,5,,TrubMi00,2019
83,Jimmy Garoppolo,28,SFO,QB,16,16,46,62,1,13,32.6,11,1.3,3.9,2.9,10,AP CPoY-2,GaroJi00,2019
84,Aaron Rodgers,36,GNB,QB,16,16,46,183,1,9,34.8,17,4,11.4,2.9,4,PB,RodgAa00,2019
85,Daniel Jones,22,NYG,QB,13,12,45,279,2,21,66.7,26,6.2,21.5,3.5,19,,JoneDa05,2019
87,Patrick Mahomes,24,KAN,QB,14,14,43,218,2,15,41.9,25,5.1,15.6,3.1,3,PBAP OPoY-4,MahoPa00,2019
88,Ryan Tannehill,31,TEN,QB,12,10,43,185,4,14,46.5,25,4.3,15.4,3.6,5,PBAP CPoY-1,TannRy00,2019
98,Matt Ryan,34,ATL,QB,15,15,34,147,1,10,50,12,4.3,9.8,2.3,9,,RyanMa00,2019
99,Sam Darnold,22,NYJ,QB,13,13,33,62,2,6,27.3,24,1.9,4.8,2.5,11,,DarnSa00,2019
100,Jared Goff,25,LAR,QB,16,16,33,40,2,5,30.3,8,1.2,2.5,2.1,10,,GoffJa00,2019
101,Kyle Allen,23,CAR,QB,13,12,32,106,2,9,31.3,17,3.3,8.2,2.5,13,,AlleKy00,2019
102,Andy Dalton,32,CIN,QB,13,13,32,73,4,12,43.8,17,2.3,5.6,2.5,8,,DaltAn00,2019
104,Kirk Cousins,31,MIN,QB,15,15,31,63,1,8,41.9,14,2,4.2,2.1,10,PB,CousKi00,2019
108,Teddy Bridgewater,27,NOR,QB,9,5,28,31,0,4,21.4,11,1.1,3.4,3.1,1,AP CPoY-5,BridTe00,2019
109,Baker Mayfield,24,CLE,QB,16,16,28,141,3,15,57.1,18,5,8.8,1.8,6,,MayfBa00,2019
110,Derek Carr,28,OAK,QB,16,16,27,82,2,7,33.3,15,3,5.1,1.7,7,,CarrDe02,2019
113,Tom Brady,42,NWE,QB,16,16,26,34,3,8,34.6,17,1.3,2.1,1.6,4,,BradTo00,2019
114,Marcus Mariota,26,TEN,QB,7,6,24,129,0,5,50,15,5.4,18.4,3.4,3,,MariMa01,2019
118,Jeff Driskel,26,DET,QB,3,3,22,151,1,10,72.7,23,6.9,50.3,7.3,1,,DrisJe00,2019
123,Devlin Hodges,23,PIT,QB,8,6,21,68,0,5,28.6,22,3.2,8.5,2.6,5,,HodgDe00,2019
124,Mason Rudolph,24,PIT,QB,10,8,21,42,0,6,33.3,13,2,4.2,2.1,4,,RudoMa00,2019
125,Robert Griffin III,29,BAL,QB,7,1,20,70,0,5,40,16,3.5,10,2.9,0,,GrifRo01,2019
126,Dwayne Haskins,22,WAS,QB,9,7,20,101,0,7,40,23,5.1,11.2,2.2,6,,HaskDw00,2019
127,Matthew Stafford,31,DET,QB,8,8,20,66,0,5,40,12,3.3,8.3,2.5,5,,StafMa00,2019
130,Drew Lock,23,DEN,QB,5,5,18,72,0,5,44.4,12,4,14.4,3.6,3,,LockDr00,2019
144,Joe Flacco,34,DEN,QB,8,8,12,20,0,4,41.7,9,1.7,2.5,1.5,8,,FlacJo00,2019
147,Philip Rivers,38,LAC,QB,16,16,12,29,0,2,25,12,2.4,1.8,0.8,8,,RivePh00,2019
151,Brandon Allen,27,DEN,QB,3,3,10,39,0,4,60,11,3.9,13,3.3,0,,AlleBr00,2019
153,Ryan Finley,25,CIN,QB,3,3,10,77,0,4,70,24,7.7,25.7,3.3,4,,FinlRy00,2019
158,Tyrod Taylor,30,LAC,QB,8,0,10,7,0,1,10,9,0.7,0.9,1.3,0,,TaylTy00,2019
159,Drew Brees,40,NOR,QB,11,11,9,-4,1,2,22.2,2,-0.4,-0.4,0.8,0,PB,BreeDr00,2019
161,Case Keenum,31,WAS,QB,10,8,9,12,1,2,33.3,9,1.3,1.2,0.9,6,,KeenCa00,2019
165,David Blough,24,DET,QB,5,5,8,31,0,1,37.5,9,3.9,6.2,1.6,1,,BlouDa00,2019
169,Brian Hoyer,34,IND,QB,4,1,8,2,0,0,0,6,0.3,0.5,2,2,,HoyeBr00,2019
172,Will Grier,24,CAR,QB,2,2,7,22,0,2,28.6,11,3.1,11,3.5,1,,GrieWi00,2019
174,Brett Hundley,26,ARI,QB,3,0,7,41,0,3,71.4,14,5.9,13.7,2.3,0,,HundBr00,2019
180,Chase Daniel,33,CHI,QB,3,1,6,6,0,2,33.3,4,1,2,2,0,,DaniCh00,2019
181,Sean Mannion,27,MIN,QB,3,1,6,-5,0,0,0,,-0.8,-1.7,2,1,,MannSe00,2019
184,Tim Boyle,25,GNB,QB,3,0,5,-7,0,0,0,,-1.4,-2.3,1.7,0,,BoylTi00,2019
190,A.J. McCarron,29,HOU,QB,2,1,5,39,1,3,60,18,7.8,19.5,2.5,0,,McCaA.00,2019
191,Matt Moore,35,KAN,QB,6,2,5,-1,0,0,0,3,-0.2,-0.2,0.8,2,,MoorMa01,2019
192,Cam Newton,30,CAR,QB,2,2,5,-2,0,0,0,3,-0.4,-1,2.5,2,,NewtCa00,2019
203,Nick Foles,30,JAX,QB,4,4,4,23,0,2,50,13,5.8,5.8,1,2,,FoleNi00,2019
206,Ryan Griffin,30,TAM,QB,2,0,4,-1,0,0,0,,-0.3,-0.5,2,0,,GrifRy01,2019
214,Eli Manning,38,NYG,QB,4,4,4,7,0,1,50,6,1.8,1.8,1,3,,MannEl00,2019
230,Garrett Gilbert,28,CLE,QB,5,0,3,-3,0,0,0,-1,-1,-0.6,0.6,0,,GilbGa01,2019
236,Nick Mullens,24,SFO,QB,1,0,3,-3,0,0,0,-1,-1,-3,3,0,,MullNi00,2019
238,Josh Rosen,22,MIA,QB,6,3,3,13,0,0,66.7,6,4.3,2.2,0.5,1,,RoseJo01,2019
240,Matt Schaub,38,ATL,QB,6,1,3,-3,0,0,0,-1,-1,-0.5,0.5,1,,SchaMa00,2019
247,Matt Barkley,29,BUF,QB,2,0,2,-4,0,0,0,,-2,-2,1,3,,BarkMa00,2019
250,Blake Bortles,27,LAR,QB,3,0,2,-9,0,0,0,1,-4.5,-3,0.7,0,,BortBl00,2019
256,Mike Glennon,30,OAK,QB,2,0,2,0,0,0,0,,0,0,1,3,,GlenMi00,2019
263,Josh McCown,40,PHI,QB,3,0,2,-2,0,0,0,-1,-1,-0.7,0.7,0,,McCoJo01,2019
264,Colt McCoy,33,WAS,QB,1,1,2,14,0,1,100,9,7,14,2,2,,McCoCo00,2019
272,Jarrett Stidham,23,NWE,QB,3,0,2,-2,0,0,0,-1,-1,-0.7,0.7,0,,StidJa00,2019
315,Trace McSorley,24,BAL,QB,1,0,1,1,0,1,100,1,1,1,1,0,,McSoTr00,2019
324,Ben Roethlisberger,37,PIT,QB,2,2,1,7,0,0,100,7,7,3.5,0.5,1,,RoetBe00,2019
493,Anthony Richardson,22,IND,QB,11,11,86,499,6,34,58.1,29,5.8,45.4,7.8,9,AP CPoY-25,,2024
492,Bo Nix,24,DEN,QB,17,17,92,430,4,41,53.3,32,4.7,25.3,5.4,3,,,2024
494,Caleb Williams,23,CHI,QB,17,17,81,489,0,27,51.9,24,6,28.8,4.8,10,,,2024
488,Jalen Hurts,26,PHI,QB,15,15,150,630,14,62,55.3,35,4.2,42,10,9,,,2024
489,Jayden Daniels,24,WAS,QB,17,17,148,891,6,55,62.8,46,6,52.4,8.7,5,,,2024
491,Josh Allen,28,BUF,QB,17,17,102,531,12,52,64.7,30,5.2,31.2,6,5,,,2024
490,Lamar Jackson,27,BAL,QB,17,17,139,915,4,47,56.1,48,6.6,53.8,8.2,10,,,2024